Company,Job Name,Job Posting,Location,Salary ,Part/Fulltime,Notes
CyberCoders,Analytics Manager,http://www.dice.com/job/result/cybercod/PMM-AnalyticsMGR10?src=19&q=start%20up%20marketing,"Cambridge, MA","$80,000 - $120,000",Fulltime,
CyberCoders,Technical Sales Engineer,http://www.dice.com/job/result/cybercod/NG-TSENE1?src=19&q=start%20up%20marketing,"Boston, MA","$70,000 - $90,000",Fulltime,
Ashley Ellis,Database Developer,http://www.dice.com/job/result/genpwob/103749?src=19&q=marketer%20startup," Framingham, MA","$75,000-$85,000",Fulltime,
The Cypress Group,Backend Developer,http://www.dice.com/jobsearch/servlet/JobSearch?op=302&dockey=xml/d/c/dcc454533be0d09c5d680608d1fbd4ac@endecaindex&source=19&FREE_TEXT=marketer%20&rating=&src=19&q=marketer,"Boston, MA","$90,000-$130,000",Fulltime,
Verndale,Technical Lead,http://verndale.theresumator.com/apply/3IpOux/Technical-Lead.html?source=INDE,"Boston, MA",-,Fulltime,
"
ika systems","
Technical Analyst III (PA0081)",https://careers-ikasystems.icims.com/jobs/1378/technical-analyst-iii-%28pa0081%29/job?mode=job&iis=Indeed&iisn=Indeed.com,"Southborough, MA",-,Fulltime,
Kaz ,Marketing Director GCO Strategy,http://www.kaz.com/kaz/jobs/?EmploymentPostingsAdministrationAction=renderEmploymentPostingsById&EmploymentPostingsId=119,"Southborough, MA",-,Fulltime,
CloudLock,Marketing Manager,http://www.ziprecruiter.com/job/Marketing-Manager/35c0bc28/?source=cpc-simplyhired,"Waltham, MA",-,Fulltime,
CloudLock,VP Marketing ,http://www.ziprecruiter.com/job/VP-Marketing/13480c01/?source=cpc-simplyhired,"Waltham, MA",-,Fulltime,
BiddingForGood,Sales & Marketing Analyst,http://www.linkedin.com/jobs?viewJob=&jobId=6539196&srchIndex=48&trk=from_simplyhired&goback=%2Efjs_*1_*1_*1_I_us_*1_10_2_R_true_*1_*2_*2_*2_us%3A7_*2_sale_*2_3&trk=from_simplyhired,"Cambridge, MA",which application include salary requirements ,Fulltime,
EnerNOC,Marketing Analytics Specialist,http://www.ventureloop.com/ventureloop/jobdetail.php?r=f_sh&jobid=145986&utm_source=SimplyHired&utm_medium=organic&utm_campaign=SimplyHired,"Boston, MA",-,Fulltime,
Abine,Senior Marketing Analysis,http://www.abine.com/careers/#slider-5,"Boston, MA",-,Fulltime,
BitSight,Product Marketer ,http://www.bitsighttech.com/careers.html#,"Cambridge, MA",-,Fulltime,
AttendWare,Sales and Marketing Specialist ,http://www.jobscore.com/jobs/attendware/sales-marketing-specialist/dGTrpC5A8r4RFmiGakhP3Q?ref=rss&sid=68,"Boston, MA",-,Fulltime,Job has been filled
Pixability,Marketing Manager,http://www.pixability.com/careers-marketing,"Boston, MA",-,fulltime,
Privy ,VP of Marketing,http://getprivy.com/jobs,"Boston, MA",-,fulltime,
Fiksu,Marketing Communications Manager,http://www.fiksu.com/company/careers,"Boston, MA",-,fulltime,
Fiksu,"
Marketing Programs Manager",http://www.fiksu.com/company/careers,"Boston, MA",-,fulltime,
Fiksu,"
Advertising Sales Manager-Agency Sales",http://www.fiksu.com/company/careers,"Boston, MA",-,fulltime,
Backupify,Marketing Intern,,"Cambridge, MA",,12 week intensive intern program to role into full-time (if you rock it),